{
    "items": [
        {
            "name": "environment",
            "textColor": {
                "r": 1.0,
                "g": 1.0,
                "b": 1.0,
                "a": 1.0
            },
            "backgroundColor": {
                "r": 0.8470588326454163,
                "g": 0.24705882370471955,
                "b": 0.1921568661928177,
                "a": 1.0
            },
            "fontStyle": 0,
            "fontSize": 12,
            "textAlignment": 4,
            "backgroundImageType": 0
        },
        {
            "name": "Player",
            "textColor": {
                "r": 1.0,
                "g": 1.0,
                "b": 1.0,
                "a": 1.0
            },
            "backgroundColor": {
                "r": 0.3019607961177826,
                "g": 0.2980392277240753,
                "b": 0.4901960790157318,
                "a": 1.0
            },
            "fontStyle": 0,
            "fontSize": 12,
            "textAlignment": 4,
            "backgroundImageType": 0
        }
    ]
}